ID,ORIGINAL,TRANSLATE,CRASH,LIMITED
113,NULLDEF_CREATURE,СБОЙ,СБОЙ (вылетает игра),1,0
255,CREATURE_BASE_TEMPLATE,Шаблон для существ,СБОЙ (вылетает игра),1,0
256,CREATURE_AI_BASE_TEMPLATE,Шаблон для существ с ИИ,СБОЙ (вылетает игра),1,0
257,CREATURE_VILLAGER_TEMPLATE,Шаблон для жителей,СБОЙ (вылетает игра),1,0
258,CREATURE_GENERIC_ADULT_MALE_VILLAGER_TEMPLATE,Ничего не появляется,"Ничего не появляется, сбоя нет",0,0
259,CREATURE_GENERIC_ADULT_FEMALE_VILLAGER_TEMPLATE,Ничего не появляется,"Ничего не появляется, сбоя нет",0,0
260,CREATURE_GENERIC_CHILD_VILLAGER_TEMPLATE,Шаблон для жителя-ребенка,СБОЙ (вылетает игра),1,0
261,CREATURE_COMBAT_ENEMY_HUMANOID_TEMPLATE,"Шаблон для человекоподобного существа, способного сражаться",СБОЙ (вылетает игра),1,0
262,CREATURE_BANDIT_SKELETON_COMMON_BASE,Говорящий меч,NPC,0,0
263,CREATURE_BANDIT_BASE,Говорящий меч,NPC,0,0
264,CREATURE_RIVAL_HERO_BASE,Говорящий меч,NPC,0,0
265,CREATURE_GUARD_BASE,Говорящий меч,NPC,0,0
266,CREATURE_OK_UNDEAD_TEMPLATE,Невидимка,NPC,0,0
267,CREATURE_HOBBE_TEMPLATE,Секира со звуками хобба,NPC,0,0
268,CREATURE_COMBAT_ENEMY_ANIMAL_TEMPLATE,СБОЙ,СБОЙ (вылетает игра),1,0
269,NYMPH_TEMPLATE,Шаблон нимфы,СБОЙ (вылетает игра),1,0
270,CREATURE_SCORPION_TEMPLATE,Шаблон Скорпиона,СБОЙ (вылетает игра),1,0
271,CREATURE_LIVESTOCK_TEMPLATE,СБОЙ,СБОЙ (вылетает игра),1,0
272,CREATURE_MOUNT_TEMPLATE,СБОЙ,СБОЙ (вылетает игра),1,0
273,CREATURE_SCRIPTED_TEMPLATE,СБОЙ,СБОЙ (вылетает игра),1,0
274,CREATURE_MINION_TEMPLATE,Шаблон для миньона,"Без дополнительных функций",1,1
275,CREATURE_SUMMONER_TEMPLATE,Шаблон призывающего,СБОЙ (вылетает игра),1,0
276,CREATURE_STAG_BEETLE_BASE,СБОЙ,СБОЙ (вылетает игра),1,0
277,CREATURE_HORNET_TEMPLATE,Шаблон для осы,NPC,0,0
278,CREATURE_RIVAL_HERO_WHISPER_BASE,СБОЙ,СБОЙ (вылетает игра),1,0
279,CREATURE_RIVAL_HERO_JACK_OF_BLADES_BASE,Шаблон для Джека-из-Тени,NPC,0,0
280,CREATURE_BANDIT_FOOTSOLDIER_BASE,Разбойник,NPC,0,0
281,CREATURE_BANDIT_FOOTSOLDIER_TBG_BASE,Разбойник,NPC,0,0
282,CREATURE_BANDIT_FOOTSOLDIER_BLG_BASE,Разбойник,NPC,0,0
283,CREATURE_GHOST_VILLAGER_MALE,Призрак мужчины,NPC,0,0
284,CREATURE_GHOST_VILLAGER_FEMALE,Призрак женщины,NPC,0,0
1109,CREATURE_BANDIT_ARCHER_BASE,Разбойник,NPC,0,0
1110,CREATURE_BANDIT_ARCHER_TBG_BASE,Разбойник,NPC,0,0
1111,CREATURE_BANDIT_ARCHER_BLG_BASE,Разбойник,NPC,0,0
1112,CREATURE_BANDIT_GRUNT,Разбойник,NPC,0,0
1113,CREATURE_BANDIT_GRUNT_TALKING,Разбойник,NPC,0,0
1114,CREATURE_BANDIT_IN_HOBBE_CAVE,Разбойник,NPC,0,0
1115,CREATURE_BANDIT_LIEUTENANT,Разбойник (сильный),NPC,0,0
1116,CREATURE_BANDIT_KING_ARMOURED,Два-Ножа (с одним ножом),NPC,0,0
1117,CREATURE_BANDIT_LEADER,Разбойник (сильный),NPC,0,0
1118,CREATURE_BANDIT_BOUNTYHUNT,Разбойник,NPC,0,0
1119,CREATURE_BANDIT_ARCHER,Разбойник,NPC,0,0
1120,CREATURE_BANDIT_ARCHER_TBG,Разбойник,NPC,0,0
1121,CREATURE_BANDIT_ARCHER_BLG,Разбойник,NPC,0,0
1122,CREATURE_BANDIT_FIRE_ARCHER,Разбойник,NPC,0,0
1123,CREATURE_BANDIT_FIRE_ARCHER_TBG,Разбойник,NPC,0,0
1124,CREATURE_BANDIT_FIRE_ARCHER_BLG,Разбойник,NPC,0,0
1125,CREATURE_ASSASSIN,Разбойник,NPC,0,0
1126,CREATURE_MURDER_TWIST_ASSASSIN,Ассасин,NPC,0,0
1127,CREATURE_RANSOM_VICTIM_ASSASSIN,Ассасин,NPC,0,0
1128,CREATURE_BANDIT_MAULED,Разбойник (раненый),NPC,0,0
1129,CREATURE_BANDIT_CAMP_BANDIT,Разбойник,NPC,0,0
1130,CREATURE_MURDER_TWIST_BANDIT,Разбойник,NPC,0,0
1131,CREATURE_BREAKSIEGE_PRISONER_BANDIT,Разбойник (сильный),NPC,0,0
1132,CREATURE_BANDIT_CAMP_GUARD,Разбойник (сильный),NPC,0,0
1133,CREATURE_BANDIT_GRUNT_LEVEL1,Разбойник,NPC,0,0
1134,CREATURE_BANDIT_GRUNT_LEVEL1_A,Разбойник,NPC,0,0
1135,CREATURE_BANDIT_GRUNT_LEVEL1_B,Разбойник,NPC,0,0
1136,CREATURE_BANDIT_GRUNT_LEVEL1_C,Разбойник,NPC,0,0
1137,CREATURE_BANDIT_GRUNT_LEVEL1_D,Разбойник,NPC,0,0
1138,CREATURE_BANDIT_GRUNT_LEVEL2,Разбойник,NPC,0,0
1139,CREATURE_BANDIT_GRUNT_LEVEL2_A,Разбойник,NPC,0,0
1140,CREATURE_BANDIT_GRUNT_LEVEL2_B,Разбойник,NPC,0,0
1141,CREATURE_BANDIT_GRUNT_LEVEL2_C,Разбойник,NPC,0,0
1142,CREATURE_BANDIT_GRUNT_LEVEL2_D,Разбойник,NPC,0,0
1143,CREATURE_BANDIT_GRUNT_LEVEL3,Разбойник (большой),NPC,0,0
1144,CREATURE_BANDIT_GRUNT_LEVEL3_A,Разбойник (большой),NPC,0,0
1145,CREATURE_BANDIT_GRUNT_LEVEL3_B,Разбойник (большой),NPC,0,0
1146,CREATURE_BANDIT_GRUNT_LEVEL3_C,Разбойник (большой),NPC,0,0
1147,CREATURE_BANDIT_GRUNT_LEVEL3_D,Разбойник (большой),NPC,0,0
1148,CREATURE_BANDIT_ARCHER_LEVEL1,Разбойник,NPC,0,0
1149,CREATURE_BANDIT_ARCHER_LEVEL2,Разбойник,NPC,0,0
1150,CREATURE_BANDIT_ARCHER_LEVEL3,Разбойник (большой),NPC,0,0
1151,CREATURE_BANDIT_ARCHER_LEVEL1_NO_DROP,Разбойник,NPC,0,0
1152,CREATURE_BANDIT_FIRE_ARCHER_LEVEL1,Разбойник,NPC,0,0
1153,CREATURE_BANDIT_FIRE_ARCHER_LEVEL2,Разбойник,NPC,0,0
1154,CREATURE_BANDIT_FIRE_ARCHER_LEVEL3,Разбойник (большой),NPC,0,0
1155,CREATURE_BANDIT_LEADER_LEVEL1,Разбойник (сильный),NPC,0,0
1156,CREATURE_BANDIT_LEADER_LEVEL2,Разбойник (сильный),NPC,0,0
1157,CREATURE_BANDIT_LEADER_LEVEL3,Разбойник (сильный),NPC,0,0
1158,CREATURE_BANDIT_LEADER_LEVEL1_GUARD,Разбойник (сильный),NPC,0,0
1159,CREATURE_BANDIT_LEADER_LEVEL2_GUARD,Разбойник (сильный),NPC,0,0
1160,CREATURE_BANDIT_LEADER_LEVEL3_GUARD,Разбойник (сильный),NPC,0,0
1161,CREATURE_BANDIT_GRUNT_LEVEL1_VILLAGER,Разбойник,NPC,0,0
1162,CREATURE_BANDIT_GRUNT_LEVEL2_VILLAGER,Разбойник,NPC,0,0
1163,CREATURE_BANDIT_GRUNT_LEVEL3_VILLAGER,Разбойник (большой),NPC,0,0
1164,CREATURE_BANDIT_ARCHER_LEVEL1_VILLAGER,Разбойник,NPC,0,0
1165,CREATURE_BANDIT_ARCHER_LEVEL2_VILLAGER,Разбойник,NPC,0,0
1166,CREATURE_BANDIT_ARCHER_LEVEL3_VILLAGER,Разбойник (большой),NPC,0,0
1167,CREATURE_BANDIT_FIRE_ARCHER_LEVEL1_VILLAGER,Разбойник,NPC,0,0
1168,CREATURE_BANDIT_FIRE_ARCHER_LEVEL2_VILLAGER,Разбойник,NPC,0,0
1169,CREATURE_BANDIT_FIRE_ARCHER_LEVEL3_VILLAGER,Разбойник (большой),NPC,0,0
1170,CREATURE_BANDIT_LEADER_LEVEL1_VILLAGER,Разбойник (сильный),NPC,0,0
1171,CREATURE_BANDIT_LEADER_LEVEL2_VILLAGER,Разбойник (сильный),NPC,0,0
1172,CREATURE_BANDIT_LEADER_LEVEL3_VILLAGER,Разбойник (сильный),NPC,0,0
1173,CREATURE_BANDIT_LEADER_LEVEL1_GUARD_VILLAGER,Разбойник (сильный),NPC,0,0
1174,CREATURE_BANDIT_LEADER_LEVEL2_GUARD_VILLAGER,Разбойник (сильный),NPC,0,0
1175,CREATURE_BANDIT_LEADER_LEVEL3_GUARD_VILLAGER,Разбойник (сильный),NPC,0,0
1176,CREATURE_TEMPORARY_HACKED_FRIENDLY_BANDIT,Разбойник,NPC,0,0
1177,CREATURE_BOSS_BANDIT_KING,Два-Ножа,NPC,0,0
1178,CREATURE_KRAKEN_01,СБОЙ,СБОЙ (вылетает игра),1,0
1179,CREATURE_KRAKEN_TENTACLE_01,Ничего не появляется,"Ничего не появляется, сбоя нет",0,0
1180,CREATURE_KRAKEN_TENTACLE_02,Ничего не появляется,"Ничего не появляется, сбоя нет",0,0
1181,CREATURE_SPIRIT_TEMPLATE,СБОЙ,СБОЙ (вылетает игра),1,0
1182,COOP_SPIRIT_PLAYER_ONE,СБОЙ,СБОЙ (вылетает игра),1,0
1183,COOP_SPIRIT_PLAYER_TWO,СБОЙ,СБОЙ (вылетает игра),1,0
1184,COOP_SPIRIT_PLAYER_THREE,СБОЙ,СБОЙ (вылетает игра),1,0
1185,COOP_SPIRIT_PLAYER_FOUR,СБОЙ,СБОЙ (вылетает игра),1,0
1188,CREATURE_EARTH_TROLL_BASE,Земляной тролль,NPC,0,0
1189,CREATURE_EARTH_TROLL,Земляной тролль,NPC,0,0
1190,CREATURE_EARTH_TROLL_START_STANDING,Земляной тролль,NPC,0,0
1196,CREATURE_ROCK_TROLL_BASE,Каменный тролль,NPC,0,0
1197,CREATURE_ROCK_TROLL,Каменный тролль,NPC,0,0
1198,CREATURE_ROCK_TROLL_START_STANDING,Каменный тролль,NPC,0,0
1205,CREATURE_ICE_TROLL_BASE,Ледяной тролль,NPC,0,0
1206,CREATURE_ICE_TROLL,Ледяной тролль,NPC,0,0
1207,CREATURE_ICE_TROLL_START_STANDING,Ледяной тролль,NPC,0,0
1208,CREATURE_ICE_TROLL_FIRST_ENCOUNTER,Ледяной тролль,NPC,0,0
1211,CREATURE_MINION_DREADWINGS,Миньон-смертокрыл,NPC,0,0
1212,CREATURE_MINION_CAMP_MINION_DREADWINGS,Миньон-смертокрыл,NPC,0,0
1213,CREATURE_MINION_WARDOG,Миньон,NPC,0,0
1214,CREATURE_MINION_CAMP_MINION_WARDOG,Миньон,NPC,0,0
1215,CREATURE_SUMMONER_01,Призывающий (синий),NPC,0,0
1216,CREATURE_SUMMONER_02,Призывающий (красный),NPC,0,0
1217,CREATURE_SUMMONER_FLAME_SLICE_DUMMY,Оса,NPC,0,0
1220,CREATURE_INVISIBLE_BODGE,Ничего не появляется,"Ничего не появляется, сбоя нет",0,0
1222,CREATURE_DRAGON_BASE,СБОЙ - Шаблон дракона,СБОЙ (вылетает игра),1,0
1223,CREATURE_DRAGON_01,Дракон,NPC,0,0
1224,CREATURE_DRAGON_01_HOVER,Дракон (зависший на хвосте),NPC,0,0
1225,CREATURE_DRAGON_01_FLY,Дракон (сидит и махает крыльями),NPC,0,0
1226,CREATURE_BALVERINE_01,Оборотень,NPC,0,0
1227,CREATURE_BALVERINE_EASY,Оборотень Лёгкий,NPC,0,0
1228,CREATURE_FULLMOON_BALVERINE,Белый оборотень,NPC,0,0
1229,CREATURE_NW_BALVERINE_01,Снежный оборотень,NPC,0,0
1230,CREATURE_HOBBE_GRUNT_BASE,Секира со звуками хобба,NPC,0,0
1231,CREATURE_HOBBE_GRUNT,Хобб,NPC,0,0
1232,CREATURE_HOBBE_GRUNT_HAMMER,Хобб,NPC,0,0
1233,CREATURE_HOBBE_GRUNT_SPIKE,Хобб,NPC,0,0
1234,CREATURE_HOBBE_LIEUTENANT,Хобб (толстый красный),NPC,0,0
1235,CREATURE_HOBBE_SPELLCASTER_BASE,Хобб-заклинатель,NPC,0,0
1236,CREATURE_HOBBE_SPELLCASTER,Хобб-заклинатель,NPC,0,0
1237,CREATURE_HOBBE_GRUNT_TALKING,Хобб,NPC,0,0
1238,CREATURE_HOBBE_BASIC,Хобб,NPC,0,0
1239,CREATURE_HOBBE_BASIC_HAMMER,Хобб,NPC,0,0
1240,CREATURE_HOBBE_BASIC_SPIKE,Хобб,NPC,0,0
1241,CREATURE_HOBBE_BASIC_SPELLCASTER,Хобб-заклинатель,NPC,0,0
1242,CREATURE_WOOD_NYMPH_01,Нимфа (лесная),NPC,0,0
1243,CREATURE_LAKE_NYMPH_01,Нимфа (синяя),NPC,0,0
1244,CREATURE_HAUNTED_POOL_NYMPH,Нимфа (синяя),NPC,0,0
1245,CREATURE_SUCCUBUS_NYMPH_01,Нимфа (оранжевая),NPC,0,0
1246,CREATURE_ICE_NYMPH_01,Нимфа (ледяная),NPC,0,0
1247,CREATURE_QUEEN_NYMPH_01,Нимфа (синяя),NPC,0,0
1248,CREATURE_LAKE_NYMPH_01_TALKING,Нимфа (синяя),NPC,0,0
1253,CREATURE_SCREAMER_01,Баньши,NPC,0,0
1254,CREATURE_NW_SCREAMER_01,Баньши,NPC,0,0
1255,CREATURE_OK_UNDEAD_SOLDIER_SWORD_NO_FX,Нежить,NPC,0,0
1256,CREATURE_OK_UNDEAD_SOLDIER_SWORD,Нежить,NPC,0,0
1257,CREATURE_OK_UNDEAD_SOLDIER_AXE_NO_FX,Нежить,NPC,0,0
1258,CREATURE_OK_UNDEAD_SOLDIER_AXE,Нежить,NPC,0,0
1259,CREATURE_OK_UNDEAD_LIEUTENANT_NO_FX,Нежить (средняя),NPC,0,0
1260,CREATURE_OK_UNDEAD_LIEUTENANT,Нежить (средняя),NPC,0,0
1261,CREATURE_OK_UNDEAD_LIEUTENANT_AXE_NO_FX,Нежить (средняя),NPC,0,0
1262,CREATURE_OK_UNDEAD_LIEUTENANT_AXE,Нежить (средняя),NPC,0,0
1263,CREATURE_OK_UNDEAD_GENERAL_NO_FX,Нежить (большая),NPC,0,0
1264,CREATURE_OK_UNDEAD_GENERAL,Нежить (большая),NPC,0,0
1265,CREATURE_OK_UNDEAD_GENERAL_MINUS_SUMMONING,Нежить (большая),NPC,0,0
1266,CREATURE_UNDEAD_NOSTRO_MINION,Нежить,NPC,0,0
1267,CREATURE_OK_UNDEAD_SOLDIER_AXE_LOW_DETAIL,Нежить,NPC,0,0
1268,CREATURE_OK_UNDEAD_SOLDIER_SWORD_LOW_DETAIL,Нежить,NPC,0,0
1269,CREATURE_OK_UNDEAD_LIEUTENANT_LOW_DETAIL,Нежить (средняя),NPC,0,0
1270,CREATURE_OK_UNDEAD_LIEUTENANT_AXE_LOW_DETAIL,Нежить (средняя),NPC,0,0
1271,CREATURE_OK_UNDEAD_GENERAL_LOW_DETAIL,Нежить (большая),NPC,0,0
1272,CREATURE_OK_UNDEAD_GENERAL_GTHC,Нежить (большая),NPC,0,0
1273,CREATURE_OK_UNDEAD_LIEUTENANT_GTHC,Нежить (средняя),NPC,0,0
1274,CREATURE_OK_UNDEAD_SOLDIER_SWORD_GTHC,Нежить (солдат с мечом),NPC,0,0
1275,CREATURE_OK_UNDEAD_LIEUTENANT_AXE_GTHC,Нежить (лейтенант),NPC,0,0
1276,CREATURE_OK_UNDEAD_SOLDIER_SWORD_HH,Нежить (солдат с мечом),NPC,0,0
1277,CREATURE_OK_UNDEAD_SOLDIER_AXE_HH,Нежить (солдат с топором),NPC,0,0
1278,CREATURE_NW_ICE_HORDE_01,Умерл 1,NPC,0,0
1279,CREATURE_NW_ICE_HORDE_02,Умерл 2,NPC,0,0
1280,CREATURE_NOSTRO_01,Ностро,NPC,0,0
1281,CREATURE_ROCK_CUBE,Летающий куб с лицами,NPC,0,0
1282,CREATURE_ROCK_LAVA_CUBE,Летающий лавовый куб с лицами,NPC,0,0
1283,CREATURE_HORNET_01,Оса,NPC,0,0
1284,CREATURE_HORNET_PICNIC,Оса,NPC,0,0
1285,CREATURE_HORNET_FIRST_SUMMON,Оса,NPC,0,0
1286,CREATURE_HORNET_LEV_02,Оса,NPC,0,0
1287,CREATURE_HORNET_LEV_03,Оса,NPC,0,0
1288,CREATURE_HORNET_QUEEN_01,Королева ос,NPC,0,0
1289,CREATURE_SCORPION_BLACK,Скорпион,NPC,0,0
1290,CREATURE_SCORPION_KING_SUMMONED_SCORPION,"Скорпион, призываемый Арахноксом",NPC,0,0
1291,CREATURE_SCORPION_BROWN,Скорпион,NPC,0,0
1292,CREATURE_SCORPION_QUEEN,Большой скорпион,NPC,0,0
1294,CREATURE_SCORPION_KING,Арахнокс (король скорпионов),NPC,0,0
1295,CREATURE_LOBSTER_01,Лобстер,"Без дополнительных функций",1,1
1296,CREATURE_OAKVALE_STAG_BEETLE,Жук,NPC,0,0
1297,CREATURE_GUILD_STAG_BEETLE,Жук,NPC,0,0
1298,CREATURE_STAG_BEETLE,Жук,NPC,0,0
1299,CREATURE_STAG_BEETLE_QUEEN,Жук (красный),NPC,0,0
1300,CREATURE_MONSTER_GUARD,Стражник-оборотень,NPC,0,0
1468,CREATURE_HERO_TEMPLATE,СБОЙ,СБОЙ (вылетает игра),1,0
1469,CREATURE_HERO_HUMAN_BASE,СБОЙ,СБОЙ (вылетает игра),1,0
1470,CREATURE_HERO,Герой Оуквэйла (гильдеец),NPC,0,0
1471,CREATURE_HERO_TRAINING,Герой Оуквэйла (гильдеец),NPC,0,0
1472,CREATURE_HERO_CHILD,Герой Оуквэйла (ребенок),NPC,0,0
1473,CREATURE_HERO_BALVERINE,Оборотень (в присиде),NPC,0,0
1474,CREATURE_NEW_CHICKEN_01,Курица,"Без дополнительных функций",1,1
1475,CREATURE_NEW_CHICKEN_02,Курица,"Без дополнительных функций",1,1
1476,CREATURE_NEW_CHICKEN_03,Курица,"Без дополнительных функций",1,1
1477,CREATURE_NEW_CHICKEN_04,Курица,"Без дополнительных функций",1,1
1478,CREATURE_KICKING_CHICKEN_01,Курица,"Без дополнительных функций",1,1
1479,CREATURE_CHICK_01,Цыпленок,"Без дополнительных функций",1,1
1480,CREATURE_BIRD_GUILD_SPARROW,Воробей,NPC,0,0
1482,CREATURE_BIRD_RAVEN,Ворон (улетает),"Без дополнительных функций",1,1
1483,CREATURE_RAVEN_WHITE,Белый ворон (прыгает),"Без дополнительных функций",1,1
1484,CREATURE_BIRD_SEAGULL,Чайка,"Без дополнительных функций",1,1
1485,CREATURE_BIRD_GUILD_SEAGULL,Чайка,"Без дополнительных функций",1,1
1486,CREATURE_BUTTERFLY_TORTOISESHELL,Бабочка,"Без дополнительных функций",1,1
1487,CREATURE_BUTTERFLY_COMMONBLUE,Бабочка,"Без дополнительных функций",1,1
1488,CREATURE_BUTTERFLY_RANDOM,Бабочка,"Без дополнительных функций",1,1
1489,CREATURE_RAT_01,Крыса,"Без дополнительных функций",1,1
1490,CREATURE_MAGGOT,Перо курицы (можно пинать),"Без дополнительных функций",1,1
1491,CREATURE_SPIDER_BLACK,Паук (можно пинать),"Без дополнительных функций",1,1
1492,CREATURE_SPIDER_BLUE,Паук (можно пинать),"Без дополнительных функций",1,1
1493,CREATURE_SPIDER_RED,Паук (можно пинать),"Без дополнительных функций",1,1
1494,CREATURE_SPIDER_WHITE,Паук (можно пинать),"Без дополнительных функций",1,1
1504,CREATURE_FIREFLY,Светящийся шар,"Без дополнительных функций",1,1
1505,CREATURE_CHICKEN,Курица (больная),"Без дополнительных функций",1,1
1506,CREATURE_YOURE_ONLY_INTERESTED_IN_ME_FOR_MY_NAVIGATION_PLEASE_DONT_DELETE_ME,Курица,"Без дополнительных функций",1,1
1507,CREATURE_RIVAL_HERO_WHISPER_APPRENTICE_BASE,СБОЙ,СБОЙ (вылетает игра),1,0
1509,CREATURE_RIVAL_HERO_JACK_OF_BLADES,Джек-из-Тени (с мечом Веков),NPC,0,0
1510,CREATURE_RIVAL_HERO_JACK_OF_BLADES_UNARMED,Джек-из-Тени (без оружия),NPC,0,0
1511,CREATURE_RIVAL_HERO_JACK_OF_BLADES_NOSCALE,Джек-из-Тени (с мастеровым тесаком),NPC,0,0
1512,CREATURE_RIVAL_HERO_JACK_OF_BLADES_NO_AEONS,Джек-из-Тени (с мастеровым тесаком),NPC,0,0
1513,CREATURE_RIVAL_HERO_MAZE,Мэйз,NPC,0,0
1514,CREATURE_RIVAL_HERO_MAZE_TUTORIAL,Мэйз,NPC,0,0
1515,CREATURE_RIVAL_HERO_MAZE_CUTSCENE,Мэйз,NPC,0,0
1516,CREATURE_RIVAL_HERO_SCYTHE,Жнец,NPC,0,0
1517,CREATURE_RIVAL_HERO_SCYTHE_CUTSCENE,Жнец,NPC,0,0
1518,CREATURE_RIVAL_HERO_THUNDER,Громобой,NPC,0,0
1519,CREATURE_RIVAL_HERO_THUNDER_TLC,Громобой (без шлема),NPC,0,0
1520,CREATURE_RIVAL_HERO_WHISPER,Уиспер,NPC,0,0
1521,CREATURE_RIVAL_HERO_WHISPER_HOODED,Уиспер,NPC,0,0
1522,CREATURE_RIVAL_HERO_WHISPER_ARENA,Уиспер,NPC,0,0
1523,CREATURE_RIVAL_HERO_WHISPER_ORCHARD_FARM,Уиспер,NPC,0,0
1524,CREATURE_RIVAL_HERO_WHISPER_HOBBE_TEETH_CONTEST,Уиспер,NPC,0,0
1525,CREATURE_RIVAL_HERO_WHISPER_APPRENTICE,Уиспер (ученица),NPC,0,0
1526,CREATURE_RIVAL_HERO_WHISPER_TEEN_APPRENTICE,Уиспер (ученица),NPC,0,0
1527,CREATURE_RIVAL_HERO_BRIAR_ROSE,Браэр Роуз,NPC,0,0
1528,CREATURE_BRIAR_ROSE_MINION_CAMP,Браэр Роуз,NPC,0,0
1529,CREATURE_RIVAL_HERO_BRIAR_ROSE_BOSS,Браэр Роуз,NPC,0,0
1530,CREATURE_RIVAL_HERO_BRIAR_ROSE_IMPOSTER,Браэр Роуз,NPC,0,0
1531,CREATURE_BRIAR,Браэр Роуз,NPC,0,0
1532,CREATURE_RIVAL_HERO_BRIAR_ROSE_VILLAGER,Браэр Роуз,NPC,0,0
1533,CREATURE_RIVAL_HERO_BRIAR_ROSE_02,Браэр Роуз,NPC,0,0
1534,CREATURE_HERO_RIVAL_GOOD_01,Герой-Разбойник,NPC,0,0
1535,CREATURE_HERO_RIVAL_GOOD_01_FRIENDLY,Герой-Разбойник,NPC,0,0
1536,CREATURE_HERO_RIVAL_EVIL_01,Герой-Разбойник (сильный),NPC,0,0
1537,CREATURE_BODY_GUARD_BASE,Телохранитель (без головы),NPC,0,0
1538,CREATURE_DOMINATRIX,Ядвига (проститутка),NPC,0,0
1539,CREATURE_MADAME_MINCHE,Мадам Минже,NPC,0,0
1540,CREATURE_EXOTIC_PROSTITUTE,Лукреция (проститутка),NPC,0,0
1541,CREATURE_NORMAL_PROSTITUTE,Амелия (проститутка),NPC,0,0
1542,CREATURE_HIGHCLASS_PROSTITUTE,Леди София (проститутка),NPC,0,0
1543,CREATURE_CHEAP_PROSTITUTE,Милашка Полли (проститутка),NPC,0,0
1544,CREATURE_GRANNY,Бабушка из Розового домика,NPC,0,0
1545,CREATURE_WITCH,Ведьма,NPC,0,0
1546,CREATURE_TEEN_CAPTIVE,Джеймс (внук),NPC,0,0
1547,CREATURE_KHG_CHIEFS_SON,Сын старосты (младший),NPC,0,0
1548,CREATURE_LUNA,Девшука (в северном наряде),NPC,0,0
1549,CREATURE_TRADER_01,Торговец,NPC,0,0
1550,CREATURE_TRADER_02,Торговец (в шляпе),NPC,0,0
1551,CREATURE_TRADER_FRIENDLY,Торговец (с усами),NPC,0,0
1552,CREATURE_TRADER_INFECTED,Торговец (укушенный оборотнем),NPC,0,0
1553,CREATURE_TRADER_SCARED,Торговец (в шляпе),NPC,0,0
1554,CREATURE_TRADER_WITH_BANDITS_01,Торговец (с усами),NPC,0,0
1555,CREATURE_TRADER_WITH_BANDITS_02,Торговец (в шляпе),NPC,0,0
1556,CREATURE_TRADER_ARENA_EXTERIOR_MARKET_TRADER,Торговец (с усами),NPC,0,0
1557,CREATURE_TRADER_BANDIT_CAMP_MARKET_TRADER,Торговец (в шляпе),NPC,0,0
1558,CREATURE_TRADER_STOCKED_BASE,"Торговец (светится зеленым, но пустой)",NPC,0,0
1559,CREATURE_TRADER_STOCKED_01,Торговец (продает зелья и еду),NPC,0,0
1560,CREATURE_TRADER_STOCKED_02,Торговец (продает оружие и еду),NPC,0,0
1561,CREATURE_TRADER_STOCKED_03,"Торговец (продает одежду, оружие и зелья)",NPC,0,0
1562,CREATURE_TRADER_STOCKED_04,"Торговец (продает одежду, подарки и еду)",NPC,0,0
1563,CREATURE_TRADER_STOCKED_TATTOOIST_01,Торговец (татуировщик),NPC,0,0
1564,CREATURE_TRADER_STOCKED_TATTOOIST_02,Торговец (татуировщик),NPC,0,0
1565,CREATURE_TRADER_STOCKED_TATTOOIST_03,Торговец (татуировщик),NPC,0,0
1566,CREATURE_TRADER_STOCKED_BARBER_01,Торговец (барбер),NPC,0,0
1567,CREATURE_TRADER_STOCKED_BARBER_02,Торговец (барбер),NPC,0,0
1568,CREATURE_BANDIT_CAMP_VILLAGER_GAME_MASTER,Профессиональный игрок (лагерь разбойников),NPC,0,0
1569,CREATURE_HERO_FATHER,Бром (отец Героя),NPC,0,0
1571,CREATURE_BEGGAR_01,Бомж со Смотровой площади,NPC,0,0
1572,CREATURE_FEARLESS_MAN,Перещуп,NPC,0,0
1573,CREATURE_PRISONER,Заключенный (которого ведут на Плаху),NPC,0,0
1574,CREATURE_PRISON_GUARD_TORTURER,"Стражник (из тюрьмы, без оружия)",NPC,0,0
1575,CREATURE_PRISON_GUARD,Стражник (из тюрьмы),NPC,0,0
1576,CREATURE_PRISON_GUARD_SMALL,Стражник (из тюрьмы),NPC,0,0
1577,CREATURE_GUILDKEEPER,Наставник,NPC,0,0
1578,CREATURE_GUILDKEEPER_FIGHT,Нставник (во время квеста Души Героев),NPC,0,0
1579,CREATURE_SCARLET_ROBE,Скарлетт Роуб,NPC,0,0
1580,CREATURE_SCARLET_ROBE_GHOST,Скарлетт Роуб (призрак),NPC,0,0
1581,CREATURE_SCARLET_ROBE_JOB,Скарлетт Роуб (высокая),NPC,0,0
1582,CREATURE_SISTER,Тереза,NPC,0,0
1583,CREATURE_YOUNG_SISTER,Тереза (ребенок),NPC,0,0
1584,CREATURE_YOUNG_HERO,Герой Оуквэйла (ребенок),NPC,0,0
1585,CREATURE_LADY_GREY,Леди Грей,NPC,0,0
1586,CREATURE_LADY_GREYS_SISTER,Аманда Грей,NPC,0,0
1587,CREATURE_BODY_GUARD,"Телохранитель (сильный, злой)",NPC,0,0
1588,CREATURE_BODY_GUARD_WEAK,"Телохранитель (слабый, злой)",NPC,0,0
1589,CREATURE_BODY_GUARD_GOOD,"Теохранитель (сильный, добрый)",NPC,0,0
1590,CREATURE_BODY_GUARD_GOOD_WEAK,"Теохранитель (слабый, добрый)",NPC,0,0
1591,GHOSTLY_SWORD,Меч-Призрак,NPC,0,0
1592,CREATURE_GRAVEYARD_CARETAKER,Могильщик,NPC,0,0
1593,CREATURE_FISHERMAN,Рыбак,NPC,0,0
1594,CREATURE_GUARDIAN,Наставник (слабый),NPC,0,0
1595,CREATURE_MAPKEEPER,Археолог,NPC,0,0
1596,CREATURE_TROPHYDEALER,Археолог,NPC,0,0
1597,CREATURE_EXECUTIONER,Палач,NPC,0,0
1598,CREATURE_MADBOMBER,Палач (слабый),NPC,0,0
1599,CREATURE_PUNCH_CLUB_CHAMPION_01,Чемпион Бойцовского клуба,NPC,0,0
1600,CREATURE_ARENA_CHAMPION_01,Рот (главный на Арене),NPC,0,0
1601,CREATURE_BS_PUNCH_CLUB_CHAMPION_01,Чемпион Бойцовского клуба,NPC,0,0
1602,CREATURE_OV_PUNCH_CLUB_CHAMPION_01,Чемпион Бойцовского клуба,NPC,0,0
1603,CREATURE_BC_PUNCH_CLUB_CHAMPION_01,Чемпион Бойцовского клуба,NPC,0,0
1604,CREATURE_KHG_PUNCH_CLUB_CHAMPION_01,Чемпион Бойцовского клуба,NPC,0,0
1605,CREATURE_GUILD_APPRENTICE_MALE,Ученик Гильдии,NPC,0,0
1606,CREATURE_GUILD_APPRENTICE_MALE_ARMED,Ученик Гильдии,NPC,0,0
1607,CREATURE_GUILD_APPRENTICE_MALE_ARMED_ENDGAME,Ученик Гильдии (с мечом),NPC,0,0
1608,CREATURE_GUILD_EVIL_APPRENTICE_MALE,Экзаменатор Гильдии,NPC,0,0
1609,CREATURE_GUILD_EVIL_APPRENTICE_MALE_ARMED,Экзаменатор Гильдии,NPC,0,0
1610,CREATURE_PROPHET_01,Пророк Огненного Сердца 1,NPC,0,0
1611,CREATURE_PROPHET_02,Пророк Огненного Сердца 2,NPC,0,0
1612,CREATURE_PROPHET_03,Пророк Огненного Сердца 3,NPC,0,0
1613,CREATURE_PROPHET_04,Пророк Огненного Сердца 4,NPC,0,0
1614,CREATURE_PROPHET_05,Пророк Огненного Сердца 5,NPC,0,0
1615,CREATURE_BS_ARMED_VILLAGER_BULLY_MALE_ADULT,Хулиган (с мечом),NPC,0,0
1616,CREATURE_BIGASS_CHICKEN,Курица (огромная),"Без дополнительных функций",1,1
1617,CREATURE_GUILD_GOOD_APPRENTICE_MALE,Экзаменатор Гильдии,NPC,0,0
1618,CREATURE_GUILD_APPRENTICE_FEMALE,Ученица Гильдии,NPC,0,0
1619,CREATURE_GUILD_EVIL_APPRENTICE_FEMALE,Ученица Гильдии (в черном),NPC,0,0
1620,CREATURE_GUILD_GOOD_APPRENTICE_FEMALE,Ученица Гильдии (в черном),NPC,0,0
1621,CREATURE_OAKVALE_VILLAGER_MALE_FEARLESS,Мужчина,NPC,0,0
1622,CREATURE_BS_FISTICUFFS_TYLER,Торговец (в шляпе),NPC,0,0
1623,CREATURE_BANDIT_FISTICUFFS_TYLER,Торговец (в шляпе),NPC,0,0
1624,CREATURE_FEMALE_APPRENTICE_FIGHTER,Уиспер (бессмертная),NPC,0,0
1625,CREATURE_CONDEMNED_MAN,Торговец (с усами),NPC,0,0
1626,CREATURE_GUARD,Стражник (синий),NPC,0,0
1627,CREATURE_BS_GUARD_RED,Стражник (бордовый),NPC,0,0
1628,CREATURE_MURDER_TWIST_GUARD,Стражник (бордовый),NPC,0,0
1629,CREATURE_BS_GUARD_BLACK,Стражник (черный),NPC,0,0
1630,CREATURE_MURDER_TWIST_SHERIFF,Стражник (черный),NPC,0,0
1631,CREATURE_GUILDMASTER_BODYGUARD,Стражник (черный),NPC,0,0
1632,CREATURE_KNOTHOLE_CHIEFS_GUARD,Стражник (бордовый),NPC,0,0
1633,CREATURE_BOWERSTONE_BARD,Бард,NPC,0,0
1634,CREATURE_BS_VILLAGER_INNKEEPER,Трактирщик,NPC,0,0
1635,CREATURE_BS_VILLAGER_BULLY_MALE,Хулиган,NPC,0,0
1636,CREATURE_BS_VILLAGER_BULLY_MALE_ADULT,Хулиган (повзрослевший),NPC,0,0
1637,CREATURE_BOWERSTONE_TAILOR,Портной (Бауэрстоун),NPC,0,0
1638,CREATURE_BOWERSTONE_BARBER,Барбер (Южный Бауэрстоун),NPC,0,0
1639,CREATURE_ARENA_SHOPKEEPER,Торговец (Арена),NPC,0,0
1640,CREATURE_BOWERSTONE_SMITH,СБОЙ,СБОЙ (вылетает игра),1,0
1641,CREATURE_BS_VILLAGER_MALE,Мужчина из Бауэрстоуна,NPC,0,0
1642,CREATURE_BS_VILLAGER_FEMALE,Женщина из Бауэрстоуна,NPC,0,0
1643,CREATURE_CAGED_VILLAGER_FEMALE,Девушка (пленница),NPC,0,0
1644,CREATURE_BS_VILLAGER_BOY,Мальчик (ребенок),NPC,0,0
1645,CREATURE_BS_VILLAGER_GIRL,Девочка (ребенок),NPC,0,0
1646,CREATURE_BS_VILLAGER_DEAD_MALE,"Мужчина (не прозрачный, но призрак)",NPC,0,0
1647,CREATURE_BS_VILLAGER_MARKET_TRADER,Житель Бауэрстоуна,NPC,0,0
1648,CREATURE_BS_VILLAGER_GREENGROCER,Житель Бауэрстоуна,NPC,0,0
1649,CREATURE_BS_VILLAGER_BUTCHER,Житель Бауэрстоуна,NPC,0,0
1650,CREATURE_BS_VILLAGER_ARMOURER,Житель Бауэрстоуна,NPC,0,0
1651,CREATURE_BS_VILLAGER_GIFTSELLER,Житель Бауэрстоуна,NPC,0,0
1652,CREATURE_BS_VILLAGER_BLACK_MARKETEER,Житель Бауэрстоуна,NPC,0,0
1653,CREATURE_BS_VILLAGER_OFF_LICENCE_MARKETEER,Житель Бауэрстоуна,NPC,0,0
1654,CREATURE_BS_VILLAGER_SHOP_KEEPER,Торговец (житель Бауэрстоуна),NPC,0,0
1655,CREATURE_VILLAGER_BASE,Житель Бауэрстоуна,NPC,0,0
1656,CREATURE_BS_VILLAGER_GAME_MASTER,Профессиональный игрок (Бауэрстоун),NPC,0,0
1657,CREATURE_BS_SHERIFF,Шериф стражи,NPC,0,0
1658,CREATURE_BS_GUARD,Стражник (синий),NPC,0,0
1659,CREATURE_BS_GUARD_CROSSBOW,Стражник (синий),NPC,0,0
1660,CREATURE_BS_GUARD_BLUE,Стражник (синий),NPC,0,0
1661,CREATURE_BS_GUARD_BLUE_CROSSBOW,Стражник (синий),NPC,0,0
1662,CREATURE_ORCHARD_FARM_GUARD,Стражник (синий),NPC,0,0
1663,CREATURE_BS_FISTICUFFS_MEMBER,Боец клуба Бауэрстоуна,NPC,0,0
1664,CREATURE_BS_FISTICUFFS_FIGHTER_01,Боец клуба Бауэрстоуна,NPC,0,0
1665,CREATURE_BS_FISTICUFFS_FIGHTER_02,Боец клуба Бауэрстоуна,NPC,0,0
1666,CREATURE_BS_FISTICUFFS_FIGHTER_03,Боец клуба Бауэрстоуна,NPC,0,0
1667,CREATURE_BS_FISTICUFFS_FIGHTER_04,Боец клуба Бауэрстоуна,NPC,0,0
1668,CREATURE_BS_FISTICUFFS_FIGHTER_05,Боец клуба Бауэрстоуна,NPC,0,0
1669,CREATURE_OV_FISTICUFFS_MEMBER,Боец клуба Оуквэйла,NPC,0,0
1670,CREATURE_OV_FISTICUFFS_FIGHTER_01,Боец клуба Оуквэйла,NPC,0,0
1671,CREATURE_OV_FISTICUFFS_FIGHTER_02,Боец клуба Оуквэйла,NPC,0,0
1672,CREATURE_OV_FISTICUFFS_FIGHTER_03,Боец клуба Оуквэйла,NPC,0,0
1673,CREATURE_OV_FISTICUFFS_FIGHTER_04,Боец клуба Оуквэйла,NPC,0,0
1674,CREATURE_OV_FISTICUFFS_FIGHTER_05,Боец клуба Оуквэйла,NPC,0,0
1675,CREATURE_BC_FISTICUFFS_MEMBER,Боец клуба лагеря Два-Ножа,NPC,0,0
1676,CREATURE_BC_FISTICUFFS_FIGHTER_01,Боец клуба лагеря Два-Ножа,NPC,0,0
1677,CREATURE_BC_FISTICUFFS_FIGHTER_02,Боец клуба лагеря Два-Ножа,NPC,0,0
1678,CREATURE_BC_FISTICUFFS_FIGHTER_03,Боец клуба лагеря Два-Ножа,NPC,0,0
1679,CREATURE_BC_FISTICUFFS_FIGHTER_04,Боец клуба лагеря Два-Ножа,NPC,0,0
1680,CREATURE_BC_FISTICUFFS_FIGHTER_05,Боец клуба лагеря Два-Ножа,NPC,0,0
1681,CREATURE_KHG_FISTICUFFS_MEMBER,Боец клуба Нотхоул Глэйда,NPC,0,0
1682,CREATURE_KHG_FISTICUFFS_FIGHTER_01,Боец клуба Нотхоул Глэйда,NPC,0,0
1683,CREATURE_KHG_FISTICUFFS_FIGHTER_02,Боец клуба Нотхоул Глэйда,NPC,0,0
1684,CREATURE_KHG_FISTICUFFS_FIGHTER_03,Боец клуба Нотхоул Глэйда,NPC,0,0
1685,CREATURE_KHG_FISTICUFFS_FIGHTER_04,Боец клуба Нотхоул Глэйда,NPC,0,0
1686,CREATURE_KHG_FISTICUFFS_FIGHTER_05,Боец клуба Нотхоул Глэйда,NPC,0,0
1687,CREATURE_BANDIT_FISTICUFFS_MEMBER,Боец бойцовского клуба,NPC,0,0
1688,CREATURE_KHG_GUARD,Стражник (синий),NPC,0,0
1689,CREATURE_KN_VILLAGER_MALE,Мужчина из Нотхоул Глэйда,NPC,0,0
1690,CREATURE_KN_VILLAGER_FEMALE,Женщина из Нотхоул Глэйда,NPC,0,0
1691,CREATURE_KN_GUARD,Стражник (синий),NPC,0,0
1692,CREATURE_KG_CHIEF,Староста Нотхоул Глэйд,NPC,0,0
1693,CREATURE_KNOTHOLE_GLADE_VILLAGER_MALE_BASE,Житель Нотхоул Глэйда (невидимый),NPC,0,0
1694,CREATURE_KNOTHOLE_GLADE_VILLAGER_MALE_NORMAL_MESH,Житель Нотхоул Глэйда,NPC,0,0
1695,CREATURE_KNOTHOLE_GLADE_VILLAGER_FEMALE_BASE,Житель Нотхоул Глэйда (невидимый),NPC,0,0
1696,CREATURE_KNOTHOLE_GLADE_VILLAGER_FEMALE_NORMAL_MESH,Жительница Нотхоул Глэйда,NPC,0,0
1697,CREATURE_KNOTHOLE_GLADE_VILLAGER_MALE_SHOPKEEPER,Лавочник (Нотхоул Глэйд),NPC,0,0
1698,CREATURE_KNOTHOLE_GLADE_VILLAGER_MALE_BLACKSMITH,Кузнец (Нотхоул Глэйд),NPC,0,0
1699,CREATURE_KNOTHOLE_GLADE_VILLAGER_MALE_TATTOOIST,Татуировщик (Нотхоул Глэйд),NPC,0,0
1700,CREATURE_KNOTHOLE_GLADE_VILLAGER_MALE_BARMAN,Трактирщик (Нотхоул Глэйд),NPC,0,0
1701,CREATURE_KNOTHOLE_GLADE_VILLAGER_MALE_WAREHOUSE_WORKER,Житель Нотхоул Глэйда,NPC,0,0
1702,CREATURE_KNOTHOLE_GLADE_VILLAGER_MALE_UNEMPLOYED,Житель Нотхоул Глэйда,NPC,0,0
1703,CREATURE_KNOTHOLE_GLADE_VILLAGER_GAME_MASTER,Житель Нотхоул Глэйда,NPC,0,0
1704,CREATURE_KNOTHOLE_GLADE_VILLAGER_FEMALE_BARMAID,Барменша (Нотхоул Глэйд),NPC,0,0
1705,CREATURE_KNOTHOLE_GLADE_VILLAGER_FEMALE_UNEMPLOYED,Жительница Нотхоул Глэйда,NPC,0,0
1706,ORCHARD_FARMER_MALE,Фермер,NPC,0,0
1707,ORCHARD_FARMER_FEMALE,Жена фермера,NPC,0,0
1708,CREATURE_TEMPORARY_HACKED_ENEMY_GUARD,Стражник (синий),NPC,0,0
1709,CREATURE_TEMPORARY_HACKED_ENEMY_GUARD_CROSSBOW,Стражник (синий),NPC,0,0
1710,CREATURE_ORCHARD_FARMHAND,Стражник (синий),NPC,0,0
1711,CREATURE_BS_VILLAGER_TEST_BUYER,Жительница Бауэрстоуна,NPC,0,0
1712,CREATURE_BS_VILLAGER_TEST_WORKER,Житель Бауэрстоуна,NPC,0,0
1713,CREATURE_OAKVALE_VILLAGER_MALE_BASE,Житель Оуквэйла (невидимый),NPC,0,0
1714,CREATURE_OAKVALE_VILLAGER_MALE_NORMAL_MESH,Житель Оуквэйла,NPC,0,0
1715,CREATURE_OAKVALE_VILLAGER_FEMALE_BASE,Житель Оуквэйла (невидимый),NPC,0,0
1716,CREATURE_OAKVALE_VILLAGER_FEMALE_NORMAL_MESH,Житель Оуквэйла,NPC,0,0
1717,CREATURE_OAKVALE_VILLAGER_MALE_SHOPKEEPER,Лавочник (Оуквэйл),NPC,0,0
1718,CREATURE_OAKVALE_VILLAGER_MALE_FAKE_SHOPKEEPER,Лавочник (Оуквэйл),NPC,0,0
1719,CREATURE_OAKVALE_VILLAGER_MALE_BLACKSMITH,Оружейник (Оуквэйл),NPC,0,0
1720,CREATURE_OAKVALE_VILLAGER_MALE_BARMAN,Трактирщик (Оуквэйл),NPC,0,0
1721,CREATURE_OAKVALE_VILLAGER_MALE_WAREHOUSE_WORKER,Житель Оуквэйла,NPC,0,0
1722,CREATURE_OAKVALE_VILLAGER_MALE_UNEMPLOYED,Житель Оуквэйла,NPC,0,0
1723,CREATURE_OAKVALE_VILLAGER_FEMALE_BARMAID,Барменша (Оуквэйл),NPC,0,0
1724,CREATURE_OAKVALE_VILLAGER_FEMALE_UNEMPLOYED,Жительница Оуквэйла,NPC,0,0
1725,CREATURE_OAKVALE_VILLAGER_GAME_MASTER,Профессиональный игрок (Оуквэйл),NPC,0,0
1726,CREATURE_BOWERSTONE_SLUMS_VILLAGER_MALE_BASE,Житель Бауэрстоуна (невидимый),NPC,0,0
1727,CREATURE_BOWERSTONE_SLUMS_VILLAGER_MALE_NORMAL_MESH,Житель Бауэрстоуна,NPC,0,0
1728,CREATURE_BOWERSTONE_SLUMS_VILLAGER_FEMALE_BASE,Житель Бауэрстоуна (невидимый),NPC,0,0
1729,CREATURE_BOWERSTONE_SLUMS_VILLAGER_FEMALE_NORMAL_MESH,Жительница Бауэрстоуна,NPC,0,0
1730,CREATURE_BOWERSTONE_SLUMS_VILLAGER_MALE_SHOPKEEPER,Лавочник (Бауэрстоун),NPC,0,0
1731,CREATURE_BOWERSTONE_SLUMS_VILLAGER_FEMALE_SHOPKEEPER,Жительница Бауэрстоуна,NPC,0,0
1732,CREATURE_BOWERSTONE_SLUMS_VILLAGER_MALE_BLACKSMITH,Кузнец (Бауэрстоун),NPC,0,0
1733,CREATURE_BOWERSTONE_SLUMS_VILLAGER_MALE_MARKET_TRADER,Лавочник (Бауэрстоун),NPC,0,0
1734,CREATURE_BOWERSTONE_SLUMS_VILLAGER_FEMALE_TAILOR,Портной (Бауэрстоун),NPC,0,0
1735,CREATURE_BOWERSTONE_SLUMS_VILLAGER_FEMALE_BARBER,Скарлетт (цирюрьник),NPC,0,0
1736,CREATURE_BOWERSTONE_SLUMS_VILLAGER_MALE_BARMAN,Трактирщик (Бауэрстоун),NPC,0,0
1737,CREATURE_BOWERSTONE_SLUMS_VILLAGER_MALE_WAREHOUSE_WORKER,Житель Бауэрстоуна,NPC,0,0
1738,CREATURE_BOWERSTONE_SLUMS_VILLAGER_MALE_UNEMPLOYED,Житель Бауэрстоуна,NPC,0,0
1739,CREATURE_BOWERSTONE_SLUMS_VILLAGER_MALE_TEACHER,Господин Гаут (учитель),NPC,0,0
1740,CREATURE_BOWERSTONE_SLUMS_VILLAGER_FEMALE_BARMAID,Барменша (Бауэрстоун),NPC,0,0
1741,CREATURE_BOWERSTONE_SLUMS_VILLAGER_FEMALE_UNEMPLOYED,Жительница Бауэрстоуна,NPC,0,0
1742,CREATURE_BOWERSTONE_POSH_VILLAGER_MALE_BASE,Житель Северного Бауэрстоуна (невидимый),NPC,0,0
1743,CREATURE_BOWERSTONE_POSH_VILLAGER_MALE_NORMAL_MESH,Житель Северного Бауэрстоуна,NPC,0,0
1744,CREATURE_BOWERSTONE_POSH_VILLAGER_FEMALE_BASE,Житель Северного Бауэрстоуна (невидимый),NPC,0,0
1745,CREATURE_BOWERSTONE_POSH_VILLAGER_FEMALE_NORMAL_MESH,Жительница Северного Бауэрстоуна,NPC,0,0
1746,CREATURE_BOWERSTONE_POSH_VILLAGER_MALE_SHOPKEEPER,Лавочник (Северный Бауэрстоун),NPC,0,0
1747,CREATURE_BOWERSTONE_POSH_VILLAGER_MALE_UNEMPLOYED,Житель Северного Бауэрстоуна,NPC,0,0
1748,CREATURE_BOWERSTONE_POSH_VILLAGER_FEMALE_UNEMPLOYED,Жительница Северного Бауэрстоуна,NPC,0,0
1749,CREATURE_BOWERSTONE_POSH_VILLAGER_FEMALE_HELPFUL,Жительница Северного Бауэрстоуна,NPC,0,0
1751,CREATURE_DARKWOOD_TRADER_CAMP_SHOPKEEPER,Лавочник (Темнолесье),NPC,0,0
1752,CREATURE_DARKWOOD_TRADER_CAMP_GAME_MASTER,Профессиональный игрок (Темнолесье),NPC,0,0
1753,CREATURE_GUILD_VILLAGER_MALE,Житель Гильдии,NPC,0,0
1754,CREATURE_GUILD_VILLAGER_FEMALE,Жительница Гильдии,NPC,0,0
1755,CREATURE_GUILD_VILLAGER_SERVANT_MALE,Житель Гильдии,NPC,0,0
1756,CREATURE_GUILD_VILLAGER_SERVANT_FEMALE,Жительница Гильдии,NPC,0,0
1757,CREATURE_GUILD_VILLAGER_INNKEEPER,Трактирщик (Гильдия),NPC,0,0
1758,CREATURE_GUILD_VILLAGER_BARMAID,Житель Гильдии,NPC,0,0
1759,CREATURE_GUILD_VILLAGER_LIBRARIAN,Жительница Гильдии,NPC,0,0
1760,CREATURE_GUILD_VILLAGER_SHOPKEEPER,Лавочник (Гильдия),NPC,0,0
1761,CREATURE_GUILD_VILLAGER_TITLE_VENDOR,Торговец титулами,NPC,0,0
1762,CREATURE_HOOK_COAST_VILLAGER_MALE_BASE,Житель Крючьего берега (невидимый),NPC,0,0
1763,CREATURE_HOOK_COAST_VILLAGER_MALE_NORMAL_MESH,Житель Крючьего берега,NPC,0,0
1764,CREATURE_HOOK_COAST_VILLAGER_FEMALE_BASE,Житель Крючьего берега (невидимый),NPC,0,0
1765,CREATURE_HOOK_COAST_VILLAGER_FEMALE_NORMAL_MESH,Жительница Крючьего берега,NPC,0,0
1766,CREATURE_HOOK_COAST_VILLAGER_MALE,Житель Крючьего берега,NPC,0,0
1767,CREATURE_HOOK_COAST_VILLAGER_FEMALE,Жительница Крючьего берега,NPC,0,0
1768,CREATURE_HOOK_COAST_VILLAGER_MALE_SHOPKEEPER,Торговец (невидимый),NPC,0,0
1769,CREATURE_HOOK_COAST_VILLAGER_FEMALE_SHOPKEEPER,Торговец (невидимая),NPC,0,0
1770,CREATURE_HOOK_COAST_VILLAGER_MALE_BLACKSMITH,Кузнец (Крючий берег),NPC,0,0
1771,CREATURE_HOOK_COAST_VILLAGER_FEMALE_TAILOR,"Лавочник (девушка, Крючий берег)",NPC,0,0
1772,CREATURE_HOOK_COAST_VILLAGER_MALE_BARMAN,Трактирщик (Крючий берег),NPC,0,0
1773,CREATURE_HOOK_COAST_VILLAGER_MALE_UNEMPLOYED,Житель Крючьего берега,NPC,0,0
1774,CREATURE_HOOK_COAST_VILLAGER_FEMALE_BARMAID,Барменша (Крючий берег),NPC,0,0
1775,CREATURE_HOOK_COAST_VILLAGER_FEMALE_UNEMPLOYED,Жительница Крючьего берега,NPC,0,0
1776,CREATURE_HOOK_COAST_GAMES_MASTER,Профессиональный игрок (Крючий берег),NPC,0,0
1777,CREATURE_KNOTHOLE_ARCHERY_OWNER,Организатор конкурса стрелков,NPC,0,0
1778,CREATURE_HOOK_COAST_WANDERING_TRADER_TEST,Житель Крючьего берега,NPC,0,0
1779,CREATURE_SS_VILLAGER_FEMALE,Жительница Белогорья,NPC,0,0
1780,CREATURE_SS_VILLAGER_MALE,Житель Белогорья,NPC,0,0
1781,CREATURE_SS_VILLAGER_INNKEEPER,Трактирщик (Белогорье),NPC,0,0
1782,CREATURE_SS_VILLAGER_BARMAID,Барменша (Белогорье),NPC,0,0
1783,CREATURE_SS_VILLAGER_SMITH,Кузнец (Белогорье),NPC,0,0
1784,CREATURE_SS_ORACLE_GUARD,Стражник (Белогорье),NPC,0,0
1785,CREATURE_SS_GAMES_MASTER,Профессиональный игрок (Белогорье),NPC,0,0
1786,CREATURE_SS_ORACLE_GAMES_MASTER,Профессиональный игрок (Белогорье),NPC,0,0
1787,CREATURE_SS_TAILOR,Портной (Белогорье),NPC,0,0
1788,CREATURE_SS_CHARITY_WORKER,Сборщик пожертвований (Белогорье),NPC,0,0
1789,CREATURE_SS_TRADER,Торговец (Белогорье),NPC,0,0
1790,CREATURE_SS_VILLAGER_MALE_WAREHOUSE_WORKER,Житель Белогорья,NPC,0,0
1791,CREATURE_BORDELLO_VILLAGER_BARMAID,Барменша (Белогорье),NPC,0,0
1792,CREATURE_BORDELLO_VILLAGER_INNKEEPER,Трактирщик (Белогорье),NPC,0,0
1793,CREATURE_NECROPOLIS_VILLAGER_MALE_UNEMPLOYED,Призрак мужчины (Некрополь),NPC,0,0
1794,CREATURE_NECROPOLIS_VILLAGER_FEMALE_UNEMPLOYED,Призрак женщины (Некрополь),NPC,0,0
3840,CREATURE_DEMON_DOOR_FACE_01,Голова Демона-стража,"Без дополнительных функций",1,1
3844,CREATURE_NW_DEMON_DOOR_FACE_01,Голова Демона-стража,"Без дополнительных функций",1,1
5137,CREATURE_ORACLE_HEAD_01,Голова Оракула,"Без дополнительных функций",1,1
